true_label,predicted_label,confidence
glioma,meningioma,0.8220626711845398
glioma,glioma,0.8290519714355469
glioma,pituitary,0.5409548282623291
glioma,meningioma,0.5013883113861084
glioma,pituitary,0.7041053175926208
glioma,pituitary,0.7531111836433411
glioma,glioma,0.8263611793518066
glioma,meningioma,0.5854479670524597
glioma,glioma,0.9605791568756104
glioma,glioma,0.6327742338180542
glioma,glioma,0.9974097609519958
glioma,pituitary,0.3954518735408783
glioma,pituitary,0.6148735284805298
glioma,glioma,0.8162147402763367
glioma,meningioma,0.5720129609107971
glioma,meningioma,0.6512381434440613
glioma,glioma,0.37728163599967957
glioma,pituitary,0.5428183078765869
glioma,glioma,0.9248636960983276
glioma,glioma,0.9818217158317566
glioma,glioma,0.9877423048019409
glioma,glioma,0.9973354935646057
glioma,glioma,0.9877445101737976
glioma,glioma,0.9898265600204468
glioma,glioma,0.9920018911361694
glioma,glioma,0.9955702424049377
glioma,glioma,0.9958741068840027
glioma,glioma,0.9936145544052124
glioma,pituitary,0.5487736463546753
glioma,pituitary,0.47089430689811707
glioma,glioma,0.9823284149169922
glioma,glioma,0.92213374376297
glioma,glioma,0.9938163757324219
glioma,glioma,0.9987021684646606
glioma,glioma,0.9999096393585205
glioma,glioma,0.9999152421951294
glioma,glioma,0.9997206330299377
glioma,glioma,0.9550681710243225
glioma,pituitary,0.5241441130638123
glioma,meningioma,0.8400253057479858
glioma,no_tumor,0.609918475151062
glioma,glioma,0.9891358613967896
glioma,glioma,0.9984211921691895
glioma,glioma,0.9933813810348511
glioma,glioma,0.9629091024398804
glioma,glioma,0.9826328754425049
glioma,glioma,0.9993415474891663
glioma,glioma,0.999605119228363
glioma,glioma,0.903533935546875
glioma,glioma,0.9011499285697937
glioma,glioma,0.8617036938667297
glioma,glioma,0.8541777729988098
glioma,glioma,0.9763692021369934
glioma,glioma,0.9854707717895508
glioma,glioma,0.9811016917228699
glioma,glioma,0.9982299208641052
glioma,glioma,0.9984351992607117
glioma,glioma,0.9988844990730286
glioma,glioma,0.9942508935928345
glioma,glioma,0.9862908720970154
glioma,glioma,0.40521660447120667
glioma,glioma,0.6995217204093933
glioma,glioma,0.9831777215003967
glioma,glioma,0.6511989831924438
glioma,glioma,0.9124836325645447
glioma,pituitary,0.6971333622932434
glioma,glioma,0.9667544960975647
glioma,glioma,0.9288987517356873
glioma,glioma,0.5851768851280212
glioma,meningioma,0.529543399810791
glioma,pituitary,0.8911725282669067
glioma,glioma,0.5532880425453186
glioma,glioma,0.984894335269928
glioma,glioma,0.9514369964599609
glioma,glioma,0.983747661113739
glioma,glioma,0.9422210454940796
glioma,glioma,0.9958018660545349
glioma,glioma,0.9963823556900024
glioma,glioma,0.9972321391105652
glioma,glioma,0.9971592426300049
meningioma,meningioma,0.7395614981651306
meningioma,meningioma,0.8334119319915771
meningioma,meningioma,0.9702789783477783
meningioma,meningioma,0.97089684009552
meningioma,meningioma,0.929155707359314
meningioma,pituitary,0.8661413788795471
meningioma,pituitary,0.7194024324417114
meningioma,meningioma,0.9114744067192078
meningioma,pituitary,0.9658828973770142
meningioma,meningioma,0.5138700008392334
meningioma,pituitary,0.5981222987174988
meningioma,pituitary,0.7172729969024658
meningioma,meningioma,0.9130828380584717
meningioma,meningioma,0.8183448910713196
meningioma,meningioma,0.7360877990722656
meningioma,meningioma,0.7703834176063538
meningioma,meningioma,0.6852226257324219
meningioma,meningioma,0.6010993123054504
meningioma,meningioma,0.685519278049469
meningioma,meningioma,0.9901952147483826
meningioma,meningioma,0.7947183847427368
meningioma,meningioma,0.4578210413455963
meningioma,glioma,0.8502435088157654
meningioma,meningioma,0.9172919392585754
meningioma,meningioma,0.7213532328605652
meningioma,no_tumor,0.8409557342529297
meningioma,glioma,0.7853729724884033
meningioma,pituitary,0.6473210453987122
meningioma,meningioma,0.5289785265922546
meningioma,meningioma,0.9294432401657104
meningioma,pituitary,0.5064398050308228
meningioma,pituitary,0.9407621026039124
meningioma,meningioma,0.71323561668396
meningioma,meningioma,0.9598602056503296
meningioma,pituitary,0.7866654396057129
meningioma,pituitary,0.8282180428504944
meningioma,pituitary,0.5129461884498596
meningioma,meningioma,0.673607349395752
meningioma,meningioma,0.6300302147865295
meningioma,meningioma,0.8979039192199707
meningioma,meningioma,0.7851672172546387
meningioma,meningioma,0.6116660833358765
meningioma,no_tumor,0.9885665774345398
meningioma,meningioma,0.561525821685791
meningioma,meningioma,0.7762312889099121
meningioma,pituitary,0.9155724048614502
meningioma,meningioma,0.8938201665878296
meningioma,meningioma,0.9037927985191345
meningioma,pituitary,0.9740170836448669
meningioma,pituitary,0.7174094915390015
meningioma,meningioma,0.44330352544784546
meningioma,pituitary,0.5522782802581787
meningioma,pituitary,0.6822019219398499
meningioma,meningioma,0.7799845337867737
meningioma,meningioma,0.5989586710929871
meningioma,meningioma,0.9676886200904846
meningioma,pituitary,0.7710698843002319
meningioma,pituitary,0.6568005084991455
meningioma,pituitary,0.8877370357513428
meningioma,meningioma,0.7948381900787354
meningioma,meningioma,0.5871496200561523
meningioma,pituitary,0.9046385884284973
meningioma,meningioma,0.9361329674720764
no_tumor,no_tumor,0.9976986050605774
no_tumor,meningioma,0.5862347483634949
no_tumor,no_tumor,0.9047653675079346
no_tumor,no_tumor,0.8382528424263
no_tumor,no_tumor,0.9200052618980408
no_tumor,no_tumor,0.8971108198165894
no_tumor,glioma,0.630963146686554
no_tumor,no_tumor,0.5573936104774475
no_tumor,pituitary,0.7329556345939636
no_tumor,no_tumor,0.8595433831214905
no_tumor,no_tumor,0.9612272381782532
no_tumor,no_tumor,0.9106001853942871
no_tumor,no_tumor,0.9601526856422424
no_tumor,no_tumor,0.9963255524635315
no_tumor,no_tumor,0.567563533782959
no_tumor,glioma,0.9703043103218079
no_tumor,no_tumor,0.8938795328140259
no_tumor,pituitary,0.7841904759407043
no_tumor,no_tumor,0.6460350155830383
no_tumor,pituitary,0.9710536599159241
no_tumor,no_tumor,0.9413366913795471
no_tumor,no_tumor,0.9723438620567322
no_tumor,no_tumor,0.9995447993278503
no_tumor,no_tumor,0.9749587178230286
no_tumor,meningioma,0.9133120775222778
no_tumor,no_tumor,0.9694236516952515
no_tumor,no_tumor,0.9988395571708679
no_tumor,no_tumor,0.5324134826660156
no_tumor,no_tumor,0.7672033309936523
no_tumor,pituitary,0.6016608476638794
no_tumor,no_tumor,0.9890421032905579
no_tumor,meningioma,0.6763094067573547
no_tumor,no_tumor,0.8196907043457031
no_tumor,no_tumor,0.9963072538375854
no_tumor,no_tumor,0.9998341798782349
no_tumor,no_tumor,0.9944599866867065
no_tumor,meningioma,0.9195320010185242
no_tumor,no_tumor,0.9977586269378662
no_tumor,no_tumor,0.9980600476264954
no_tumor,no_tumor,0.8585942387580872
no_tumor,no_tumor,0.9940016865730286
no_tumor,no_tumor,0.9912551641464233
no_tumor,no_tumor,0.9904156923294067
no_tumor,no_tumor,0.9984362721443176
no_tumor,no_tumor,0.9753974080085754
no_tumor,no_tumor,0.98780357837677
no_tumor,no_tumor,0.9997281432151794
no_tumor,no_tumor,0.6386790871620178
no_tumor,no_tumor,0.9967811107635498
pituitary,pituitary,0.9975872039794922
pituitary,pituitary,0.9999996423721313
pituitary,pituitary,0.9911353588104248
pituitary,pituitary,0.997837245464325
pituitary,pituitary,0.9996737241744995
pituitary,pituitary,0.9816552400588989
pituitary,pituitary,0.9932317733764648
pituitary,pituitary,0.9996981620788574
pituitary,pituitary,0.999234676361084
pituitary,pituitary,0.9988431930541992
pituitary,pituitary,0.9992406368255615
pituitary,pituitary,0.9944853186607361
pituitary,pituitary,0.9978907704353333
pituitary,pituitary,0.9999175071716309
pituitary,pituitary,0.9998996257781982
pituitary,pituitary,0.9992446899414062
pituitary,pituitary,0.9995638728141785
pituitary,pituitary,0.9999756813049316
pituitary,pituitary,0.9948904514312744
pituitary,pituitary,0.9961938858032227
pituitary,pituitary,0.9990251064300537
pituitary,pituitary,0.9988362193107605
pituitary,pituitary,0.9975265860557556
pituitary,pituitary,0.9999765157699585
pituitary,pituitary,0.9981697797775269
pituitary,pituitary,0.9988036155700684
pituitary,pituitary,0.9989544153213501
pituitary,pituitary,0.9986750483512878
pituitary,pituitary,0.9891112446784973
pituitary,pituitary,0.9996453523635864
pituitary,pituitary,0.9991017580032349
pituitary,pituitary,0.997489333152771
pituitary,pituitary,0.9977532029151917
pituitary,pituitary,0.9986355900764465
pituitary,pituitary,0.9923425316810608
pituitary,pituitary,0.9980536699295044
pituitary,pituitary,0.9984993934631348
pituitary,pituitary,0.9983643889427185
pituitary,pituitary,0.9995895028114319
pituitary,pituitary,0.9977499842643738
pituitary,pituitary,0.9996960163116455
pituitary,pituitary,0.9564801454544067
pituitary,pituitary,0.9851705431938171
pituitary,pituitary,0.9998775720596313
pituitary,pituitary,0.9982320666313171
pituitary,pituitary,0.9996914863586426
pituitary,pituitary,0.9986270666122437
pituitary,pituitary,0.9985952973365784
pituitary,pituitary,0.9310705065727234
pituitary,pituitary,0.9990286827087402
pituitary,pituitary,0.9976676106452942
pituitary,pituitary,0.9936516284942627
pituitary,pituitary,0.9732980728149414
pituitary,pituitary,0.9998859167098999
